{
  "frames_processed": 375,
  "bodies_detected": 1670,
  "faces_detected": 12,
  "gender_analyses": 35,
  "age_analyses": 35,
  "merged_boxes": 55,
  "body_based_analyses": 35,
  "total_time": 10.685187101364136,
  "fps": 46.79375244034491,
  "detection_rate": 7.000000000000001
}