{
  "frames_processed": 100,
  "face_detections": 27,
  "gender_analysis_count": 27,
  "merged_boxes": 35,
  "total_time": 6.530691146850586,
  "fps": 15.312314998731003
}