{
  "frames_processed": 100,
  "face_detections": 10,
  "gender_analysis_count": 10,
  "age_analysis_count": 10,
  "total_time": 5.903927803039551,
  "fps": 16.93787650121949
}