{
  "frames_processed": 100,
  "bodies_detected": 205,
  "faces_detected": 10,
  "gender_analyses": 10,
  "merged_boxes": 9,
  "total_time": 3.9795799255371094,
  "fps": 25.12828033891124
}